{
  "properties": {
    "connectionReferences": {},
    "definition": {
      "$schema": "https://schema.management.azure.com/providers/Microsoft.Logic/schemas/2016-06-01/workflowdefinition.json#",
      "contentVersion": "1.0.0.0",
      "parameters": {
        "$authentication": {
          "defaultValue": {},
          "type": "SecureObject"
        }
      },
      "triggers": {
        "manual": {
          "metadata": {
            "operationMetadataId": "541ead98-5187-4b14-9bd2-14682187f656"
          },
          "type": "Request",
          "kind": "Http",
          "inputs": {
            "schema": {
              "type": "object",
              "properties": {
                "cnpj": {
                  "type": "string"
                }
              }
            },
            "method": "POST",
            "triggerAuthenticationType": "All"
          }
        }
      },
      "actions": {
        "HTTP": {
          "runAfter": {},
          "metadata": {
            "operationMetadataId": "2a516116-ae4b-48b6-bd35-fb76863c7720"
          },
          "type": "Http",
          "inputs": {
            "method": "GET",
            "uri": "https://receitaws.com.br/v1/cnpj/@{triggerBody()?['cnpj']}",
            "retryPolicy": {
              "type": "none"
            }
          }
        },
        "Resposta": {
          "runAfter": {
            "HTTP": [
              "Succeeded",
              "Failed"
            ]
          },
          "metadata": {
            "operationMetadataId": "102b31bb-460a-4965-9341-73677b7a854b"
          },
          "type": "Response",
          "kind": "Http",
          "inputs": {
            "statusCode": "@outputs('HTTP')['statusCode']",
            "body": "@body('HTTP')"
          }
        }
      },
      "outputs": {}
    },
    "templateName": null
  },
  "schemaVersion": "1.0.0.0"
}