{
  "properties": {
    "connectionReferences": {
      "shared_commondataserviceforapps": {
        "impersonation": {},
        "runtimeSource": "embedded",
        "connection": {
          "connectionReferenceLogicalName": "academia_sharedcommondataserviceforapps_ff200"
        },
        "api": {
          "name": "shared_commondataserviceforapps"
        }
      }
    },
    "definition": {
      "$schema": "https://schema.management.azure.com/providers/Microsoft.Logic/schemas/2016-06-01/workflowdefinition.json#",
      "contentVersion": "1.0.0.0",
      "parameters": {
        "$connections": {
          "defaultValue": {},
          "type": "Object"
        },
        "$authentication": {
          "defaultValue": {},
          "type": "SecureObject"
        }
      },
      "triggers": {
        "manual": {
          "metadata": {
            "operationMetadataId": "e2ecffd5-d899-4397-8df1-a82ccc67a877"
          },
          "type": "Request",
          "kind": "Button",
          "inputs": {
            "schema": {
              "type": "object",
              "properties": {},
              "required": []
            }
          }
        }
      },
      "actions": {
        "Listar_linhas_oData": {
          "runAfter": {},
          "metadata": {
            "operationMetadataId": "1be9214d-e53a-44e8-89c5-608338f78a38"
          },
          "type": "OpenApiConnection",
          "inputs": {
            "host": {
              "apiId": "/providers/Microsoft.PowerApps/apis/shared_commondataserviceforapps",
              "connectionName": "shared_commondataserviceforapps",
              "operationId": "ListRecords"
            },
            "parameters": {
              "entityName": "contacts",
              "$filter": "emailaddress1 eq 'Luis@example.com'"
            },
            "authentication": "@parameters('$authentication')"
          }
        },
        "Listar_linhas_Fetch": {
          "runAfter": {
            "Aplicar_a_cada": [
              "Succeeded"
            ]
          },
          "metadata": {
            "operationMetadataId": "21d2428d-dcff-42b5-a722-043732497c1f"
          },
          "type": "OpenApiConnection",
          "inputs": {
            "host": {
              "apiId": "/providers/Microsoft.PowerApps/apis/shared_commondataserviceforapps",
              "connectionName": "shared_commondataserviceforapps",
              "operationId": "ListRecords"
            },
            "parameters": {
              "entityName": "contacts",
              "fetchXml": "<fetch version=\"1.0\" output-format=\"xml-platform\" mapping=\"logical\" distinct=\"true\">\n<entity name=\"contact\">\n<attribute name=\"entityimage_url\"/>\n<attribute name=\"fullname\"/>\n<order attribute=\"fullname\" descending=\"false\"/>\n<attribute name=\"parentcustomerid\"/>\n<attribute name=\"telephone1\"/>\n<attribute name=\"emailaddress1\"/>\n<attribute name=\"contactid\"/>\n<filter type=\"and\">\n<condition attribute=\"emailaddress1\" operator=\"eq\" value=\"Luis@example.com\"/>\n</filter>\n</entity>\n</fetch>"
            },
            "authentication": "@parameters('$authentication')"
          }
        },
        "Aplicar_a_cada": {
          "foreach": "@outputs('Listar_linhas_oData')?['body/value']",
          "actions": {
            "Compor": {
              "runAfter": {},
              "metadata": {
                "operationMetadataId": "55700742-fe35-4e06-aa81-1576f46c747e"
              },
              "type": "Compose",
              "inputs": "@items('Aplicar_a_cada')?['jobtitle']"
            }
          },
          "runAfter": {
            "Aplicar_a_cada_3": [
              "Succeeded"
            ]
          },
          "metadata": {
            "operationMetadataId": "8655b553-d6c6-4818-92cb-c7c756280b1b"
          },
          "type": "Foreach"
        },
        "Aplicar_a_cada_2": {
          "foreach": "@outputs('Listar_linhas_Fetch')?['body/value']",
          "actions": {
            "Compor_2": {
              "runAfter": {},
              "metadata": {
                "operationMetadataId": "004b9d6b-a4e9-46c0-b311-e8351af7e000"
              },
              "type": "Compose",
              "inputs": "@items('Aplicar_a_cada_2')?['jobtitle']"
            }
          },
          "runAfter": {
            "Listar_linhas_Fetch": [
              "Succeeded"
            ]
          },
          "metadata": {
            "operationMetadataId": "e322730c-9d32-4568-9f43-40d01e6eb3a0"
          },
          "type": "Foreach"
        },
        "Aplicar_a_cada_3": {
          "foreach": "@outputs('Listar_linhas_oData')?['body/value']",
          "actions": {
            "Atualizar_uma_linha": {
              "runAfter": {},
              "metadata": {
                "operationMetadataId": "338e7f2b-d316-4d79-8c36-7da3ba0f457c"
              },
              "type": "OpenApiConnection",
              "inputs": {
                "host": {
                  "apiId": "/providers/Microsoft.PowerApps/apis/shared_commondataserviceforapps",
                  "connectionName": "shared_commondataserviceforapps",
                  "operationId": "UpdateRecord"
                },
                "parameters": {
                  "entityName": "contacts",
                  "recordId": "@items('Aplicar_a_cada_3')?['contactid']"
                },
                "authentication": "@parameters('$authentication')"
              }
            }
          },
          "runAfter": {
            "Listar_linhas_oData": [
              "Succeeded"
            ]
          },
          "metadata": {
            "operationMetadataId": "1e7c5f2d-a9b6-488f-8c69-75d221b3b5fa"
          },
          "type": "Foreach"
        }
      },
      "outputs": {}
    },
    "templateName": null
  },
  "schemaVersion": "1.0.0.0"
}